{
  "VolCholeskyLines": [
    [
      0.22,
      0,
      0,
      0,
      0
    ],
    [
      0.0144,
      0.1794230754390304,
      0,
      0,
      0
    ],
    [
      -0.0559,
      -0.05159336377079115,
      0.42321781013423193,
      0,
      0
    ],
    [
      -0.0468,
      -0.04319444408717399,
      0.006841236980114379,
      0.35425583619268985,
      0
    ],
    [
      -0.0429,
      -0.039594907079909494,
      0.006271133898438181,
      0.006151197705833936,
      0.32467625256514365
    ]
  ],
  "MathPaymentDates": [
    0.17063492063492064,
    0.25793650793650796,
    0.3333333333333333,
    0.4246031746031746,
    0.5079365079365079,
    0.5952380952380952
  ],
  "Strikes": [
    20,
    21,
    21,
    20,
    19,
    18
  ],
  "DomesticInterestRate": 0.07,
  "RelativeFiniteDifferenceStep": 0.1,
  "SampleNb": 50000,
  "PayoffType": "ConditionalBasket"
}