{
  "VolCholeskyLines": [
    [
      0.42,
      0,
      0,
      0
    ],
    [
      0.054400000000000004,
      0.31534209994861134,
      0,
      0
    ],
    [
      -0.049300000000000004,
      -0.04152341219942986,
      0.28274602780466473,
      0
    ],
    [
      -0.0442,
      -0.037227886799488845,
      0.040160108346264003,
      0.25029504617962534
    ]
  ],
  "MathPaymentDates": [
    0.17063492063492064,
    0.25793650793650796,
    0.3333333333333333,
    0.4246031746031746,
    0.5079365079365079,
    0.5952380952380952,
    0.6865079365079365,
    0.7658730158730159
  ],
  "Strikes": [
    13,
    13,
    15,
    16,
    20,
    14,
    16,
    16
  ],
  "DomesticInterestRate": 0.05,
  "RelativeFiniteDifferenceStep": 0.1,
  "SampleNb": 50000,
  "PayoffType": "ConditionalMax"
}