{
  "VolCholeskyLines": [
    [
      0.31,
      0,
      0
    ],
    [
      -0.0247,
      0.12763193174123785,
      0
    ],
    [
      -0.0475,
      0.04428163017589054,
      0.24141848982413433
    ]
  ],
  "MathPaymentDates": [
    0.17063492063492064,
    0.25793650793650796,
    0.3333333333333333,
    0.4246031746031746,
    0.5079365079365079,
    0.5952380952380952
  ],
  "Strikes": [
    13,
    13,
    17,
    16,
    17,
    15
  ],
  "DomesticInterestRate": 0.05,
  "RelativeFiniteDifferenceStep": 0.1,
  "SampleNb": 50000,
  "PayoffType": "ConditionalMax"
}