{
  "VolCholeskyLines": [
    [
      0.14,
      0,
      0,
      0,
      0,
      0,
      0,
      0
    ],
    [
      0.052199999999999996,
      0.28526331695470414,
      0,
      0,
      0,
      0,
      0,
      0
    ],
    [
      0.027,
      0.022507625826350124,
      0.14582320384513917,
      0,
      0,
      0,
      0,
      0
    ],
    [
      0.0468,
      0.03901321809900688,
      0.033453558529178994,
      0.25053660059020144,
      0,
      0,
      0,
      0
    ],
    [
      -0.11699999999999999,
      -0.0975330452475172,
      -0.08363389632294747,
      -0.07320874692570821,
      0.3413856409460654,
      0,
      0,
      0
    ],
    [
      -0.066,
      -0.05501864090885586,
      -0.047178095361662675,
      -0.04129724185552771,
      -0.005973135986305334,
      0.19248385888744904,
      0,
      0
    ],
    [
      -0.045,
      -0.037512709710583535,
      -0.032166883201133645,
      -0.02815721035604162,
      -0.004072592717935455,
      -0.004200933361792159,
      0.13117174195574038,
      0
    ],
    [
      -0.12299999999999998,
      -0.102534739875595,
      -0.08792281408309861,
      -0.07696304163984709,
      -0.011131753429023578,
      -0.01148255118889857,
      -0.011856180940777242,
      0.358340009154972
    ]
  ],
  "MathPaymentDates": [
    0.17063492063492064,
    0.25793650793650796,
    0.3333333333333333
  ],
  "Strikes": [
    51,
    92,
    94
  ],
  "DomesticInterestRate": 0.08,
  "RelativeFiniteDifferenceStep": 0.1,
  "SampleNb": 50000,
  "PayoffType": "ConditionalBasket"
}